都道府県ID,大学名,URL,備考,is_active
1,北海道大学,http://www.hokudai.ac.jp/,,
1,北海道教育大学,http://www.hokkyodai.ac.jp/,,
1,帯広畜産大学,http://www.obihiro.ac.jp/,,
1,小樽商科大学,http://www.otaru-uc.ac.jp/,,
1,室蘭工業大学,http://www.muroran-it.ac.jp/,,
1,旭川医科大学,http://www.asahikawa-med.ac.jp/,,
1,北見工業大学,http://www.kitami-it.ac.jp/,,
1,釧路公立大学,http://www.kushiro-pu.ac.jp/,,
1,公立はこだて未来大学,http://www.fun.ac.jp/,,
1,名寄市立大学,http://www.nayoro.ac.jp/,,
1,札幌市立大学,http://www.city.sapporo.jp/daigaku/index.html,,
1,札幌大学,http://www.sapporo-u.ac.jp/,,
1,旭川大学,http://www.asahikawa-u.ac.jp/,,
1,函館大学,http://www.hakodate-u.ac.jp/,,
1,道都大学,http://www.dohto.ac.jp/,,
1,北海道文教大学,http://www.do-bunkyodai.ac.jp/,,
1,北海道情報大学,http://www.do-johodai.ac.jp/,,
1,北海道科学大学,http://www.hus.ac.jp/,旧北海道工業大学 北海道薬科大学と統合,
1,北翔大学,http://www.hokusho-u.ac.jp/,,
1,北星学園大学,http://www.hokusei.ac.jp/,,
1,育英館大学,http://www.wakhok.ac.jp/,2022改称。旧稚内北星学園大学,
1,北海学園大学,http://hgu.jp/,,
1,北海商科大学,http://www.hokkai.ac.jp/,2006年旧北海学園北見大学 北見撤退後新設改称,
1,札幌学院大学,http://www.sgu.ac.jp/,,
1,札幌国際大学,http://www.siu.ac.jp/,,
1,札幌大谷大学,http://www.sapporo-otani-univ.jp/,,
1,札幌医科大学,http://web.sapmed.ac.jp/,,
1,公立千歳科学技術大学,http://www.chitose.ac.jp/index-j.html,,
1,苫小牧駒澤大学,http://www.t-komazawa.ac.jp/,,
1,星槎大学,https://seisa.ac.jp/,通信制大学,
1,星槎道都大学,https://www.seisadohto.ac.jp/,,
1,日本赤十字北海道看護大学,http://www.rchokkaido-cn.ac.jp/main/,,
1,藤女子大学,http://www.fujijoshi.ac.jp/,,
1,天使大学,http://www.tenshi.ac.jp/,,
1,酪農学園大学,http://www.rakuno.ac.jp/,,
1,日本医療大学,http://www.nihoniryo-c.ac.jp/,,
1,北海道千歳リハビリテーション大学,http://www.chitose-reha.ac.jp/,NEW2017,
2,弘前大学,http://www.hirosaki-u.ac.jp/,,
2,青森公立大学,http://www.nebuta.ac.jp/,,
2,青森大学,http://www.aomori-u.ac.jp/,,
2,八戸学院大学,http://www.hachinohe-u.ac.jp/,2013年八戸大学から改称,
2,八戸工業大学,http://www.hi-tech.ac.jp/,,
2,柴田学園大学,http://www.tojo.ac.jp/,2021年東北女子大から改称,
2,弘前学院大学,http://www.hirogaku-u.ac.jp/,,
2,青森中央学院大学,http://www.aomoricgu.ac.jp/,,
2,弘前医療福祉大学,http://www.jyoto-gakuen.ac.jp/,,
5,秋田大学,http://www.akita-u.ac.jp/,,
5,秋田県立大学,https://www.akita-pu.ac.jp/,,
5,国際教養大学,http://www.aiu.ac.jp/,,
5,秋田公立美術大学,http://www.amcac.ac.jp/aua/index.htm,,
5,日本赤十字秋田看護大学,http://www.rcakita-jc.ac.jp/daigaku/index.html,,
5,秋田看護福祉大学,http://www.kjo.ac.jp/,,
5,ノースアジア大学,http://www.akeihou-u.ac.jp/,旧秋田経済法科大学,
6,山形大学,http://www.yamagata-u.ac.jp/,,
6,山形県立保健医療大学,http://www.yachts.ac.jp/,,
6,山形県立米沢栄養大学,http://www.u.yone.ac.jp/,,
6,東北公益文科大学,http://www.koeki-u.ac.jp/,,
6,東北芸術工科大学,http://www.tuad.ac.jp/,,
6,東北文教大学,http://www.t-bunkyo.jp/,,
3,岩手大学,http://www.iwate-u.ac.jp/,,
3,岩手県立大学,http://www.iwate-pu.ac.jp/,,
3,岩手医科大学,http://www.iwate-med.ac.jp/,,
3,盛岡大学,http://www.morioka-u.ac.jp/,,
3,富士大学,http://www.termnet.co.jp/fujidai/,,
3,岩手保健医療大学,http://www.iwate-uhms.ac.jp/,NEW2017,
4,東北大学,http://www.tohoku.ac.jp/index-j.html,,
4,宮城教育大学,http://www.miyakyo-u.ac.jp/,,
4,宮城大学,http://www.myu.ac.jp/,,
4,東北学院大学,http://www.tohoku-gakuin.ac.jp/,,
4,東北福祉大学,http://www.tfu.ac.jp/,,
4,東北工業大学,http://www.tohtech.ac.jp/,,
4,東北文化学園大学,http://www.tbgu.ac.jp/,,
4,東北生活文化大学,http://www.mishima.ac.jp/,,
4,仙台大学,http://www.sendaidaigaku.jp/,,
4,石巻専修大学,http://www.isenshu-u.ac.jp/koho/,,
4,東北医科薬科大学,http://www.tohoku-mpu.ac.jp/,旧東北薬科大学,
4,仙台白百合女子大学,http://www.sendai-shirayuri.ac.jp/,,
4,宮城学院女子大学,http://www.mgu.ac.jp/,,
4,尚絅学院大学,http://www.shokei.ac.jp/,,
7,福島大学,http://www.fukushima-u.ac.jp/index-s.html,,
7,会津大学,http://www.u-aizu.ac.jp/,,
7,福島県立医科大学,http://www.fmu.ac.jp/,,
7,医療創生大学,https://www.isu.ac.jp/,,
7,東日本国際大学,http://www.tonichi-kokusai-u.ac.jp/,,
7,奥羽大学,http://www.ohu-u.ac.jp/,,
7,日本大学郡山,http://www.ce.nihon-u.ac.jp/,,
7,郡山女子大学,http://www.koriyama-kgc.ac.jp/,,
7,福島学院大学,http://www.fukushima-college.com/,,
8,茨城大学,http://www.ibaraki.ac.jp/,,
8,筑波大学,http://www.tsukuba.ac.jp/,,
8,茨城県立医療大学,http://www.ipu.ac.jp/,,
8,流通経済大学,http://www.rku.ac.jp/,,
8,つくば国際大学,http://www.ktt.ac.jp/tiu/,,
8,常磐大学,http://www.tokiwa.ac.jp/,,
8,日本ウェルネススポーツ大学,http://www.nihonwellness.jp/,,
8,茨城キリスト教大学,http://www.icc.ac.jp/,,
8,筑波学院大学,http://www.tsukuba-g.ac.jp/,,
9,宇都宮大学,http://www.utsunomiya-u.ac.jp/,,
9,白鴎大学,http://www.hakuoh.ac.jp/,,
9,足利大学,http://www.ashitech.ac.jp/,,
9,作新学院大学,http://www.sakushin-u.ac.jp/,,
9,宇都宮共和大学,http://www.kyowa-u.ac.jp/,2006年那須大学改称,
9,文星芸術大学,http://www.bunsei.ac.jp/,,
9,国際医療福祉大学,http://www.iuhw.ac.jp/,,
9,自治医科大学,http://www.jichi.ac.jp/,,
9,獨協医科大学,http://www.dokkyomed.ac.jp/,,
10,群馬大学,http://www.gunma-u.ac.jp/,,
10,高崎経済大学,http://www.tcue.ac.jp/,,
10,群馬県立女子大学,http://www.gpwu.ac.jp/,,
10,前橋工科大学,http://www.maebashi-it.ac.jp/,,
10,群馬県立県民健康科学大学,http://www.gchs.ac.jp/,,
10,上武大学,http://www.jobu.ac.jp/,,
10,関東学園大学,http://www.kanto-gakuen.ac.jp/,,
10,共愛学園前橋国際大学,http://www.kyoai.ac.jp/,,
10,東京福祉大学,http://www.tokyo-fukushi.ac.jp/,,
10,高崎健康福祉大学,http://www.takasaki-u.ac.jp/,,
10,高崎商科大学,http://www.tuc.ac.jp/,,
10,群馬医療福祉大学,http://www.shoken-gakuen.ac.jp/,旧群馬社会福祉大学,
10,群馬パース大学,http://www.paz.ac.jp/,,
10,桐生大学,http://www.kiryu-jc.ac.jp/univ/,,
10,育英大学,https://www.ikuei-g.ac.jp/university/,NEW2018,
11,埼玉大学,http://www.saitama-u.ac.jp/,,
11,埼玉県立大学,http://www.spu.ac.jp/,,
11,大宮法科大学院大学,http://www.omiyalaw.ac.jp/,,
11,東京国際大学,http://www.tiu.ac.jp/,,
11,文教大学,http://www.bunkyo.ac.jp/,,
11,獨協大学,http://www.dokkyo.ac.jp/,,
11,城西大学,http://www.josai.ac.jp/,,
11,明海大学,http://www.meikai.ac.jp/,,
11,目白大学,http://www.mejiro.ac.jp/,,
11,駿河台大学,http://www.surugadai.ac.jp/,,
11,聖学院大学,http://www.seigakuin-univ.ac.jp/,,
11,平成国際大学,http://www.hiu.ac.jp/,,
11,浦和大学,http://www.urawa.ac.jp/,,
11,共栄大学,http://www.kyoei.ac.jp/,,
11,埼玉学園大学,http://www.saigaku.ac.jp/,,
11,日本工業大学,http://www.nit.ac.jp/,,
11,埼玉工業大学,http://www.sit.ac.jp/,,
11,西武文理大学,http://www.bunri-c.ac.jp/univ/index.html,,
11,人間総合科学大学,http://www.human.ac.jp/,通信制,
11,女子栄養大学,http://www.eiyo.ac.jp/,,
11,十文字学園女子大学,http://www.jumonji-u.ac.jp/univ.htm,,
11,跡見学園女子大学,http://www.atomi.ac.jp/,,
11,文京女子大学,http://www.u-bunkyo.ac.jp/,,
11,東邦音楽大学,http://www.toho-music.ac.jp/,,
11,尚美学園大学,http://www.shobi-u.ac.jp/,,
11,武蔵野学院大学,http://www.musa.ac.jp/university.htm,,
11,ものつくり大学,http://www.iot.ac.jp/,,
11,日本薬科大学,http://www.nichiyaku-cps.com/,,
11,埼玉医科大学,http://www.saitama-med.ac.jp/,,
11,日本医療科学大学,http://www.nims.ac.jp/,,
11,防衛医科大学校,http://www.ndmc.ac.jp/,,
11,東都大学,http://www.tohto.ac.jp/,旧東都医療大学,
11,日本保健医療大学,http://www.nihonhokeniryou.jp/,,
12,千葉大学,http://www.chiba-u.ac.jp/,,
12,千葉県立保健医療大学,http://www.pref.chiba.lg.jp/syozoku/c_hoidai/index.html,,
12,麗澤大学,http://www.reitaku-u.ac.jp/,,
12,神田外語大学,http://www.kuis.ac.jp/,,
12,淑徳大学,http://www.shukutoku.ac.jp/,,
12,明海大学,http://www.meikai.ac.jp/,,
12,江戸川大学,http://www.edogawa-u.ac.jp/,,
12,敬愛大学,http://www.u-keiai.ac.jp/,,
12,中央学院大学,http://www.cgu.ac.jp/,,
12,城西国際大学,http://www.jiu.ac.jp/,,
12,秀明大学,http://www.shumei-u.ac.jp/,,
12,清和大学,http://www.seiwa-univ.ac.jp/home/index.htm,,
12,了徳寺大学,http://www.ryotokuji-u.ac.jp/,,
12,東京情報大学,http://www.tuis.ac.jp/,,
12,東京成徳大学,http://www.tokyoseitoku.ac.jp/,,
12,東京基督教大学,http://www.tci.ac.jp/,,
12,千葉商科大学,http://www.cc.cuc.ac.jp/,,
12,千葉工業大学,http://www.it-chiba.ac.jp/,,
12,千葉経済大学,http://www.cku.ac.jp/,,
12,千葉科学大学,http://www.cus.jp/,,
12,国際武道大学,http://www.budo-u.ac.jp/,,
12,東洋学園大学,http://www.toyogakuen-u.ac.jp/,,
12,帝京平成大学,http://www.teikyo-u.ac.jp/heisei/heismain.htm,,
12,開智国際大学,http://www.kaichi.ac.jp/,旧日本橋学館大学,
12,和洋女子大学,http://www.wayo.ac.jp/,,
12,愛国学園大学,http://www.aikoku-u.ac.jp/A-u.htm,,
12,川村学園女子大学,http://www.kgwu.ac.jp/,,
12,聖徳大学,http://www.seitoku.ac.jp/,,
12,東京歯科大学,http://www.tdc.ac.jp/,,
12,植草学園大学,http://www.uekusa.ac.jp/,,
12,三育学院大学,http://www.saniku.ac.jp/,,
12,亀田医療大学,http://www.kameda-u.com/,,
12,放送大学,http://www.ouj.ac.jp/,,
13,東京大学,http://www.u-tokyo.ac.jp/,,
13,東京工業大学,http://www.titech.ac.jp/home-j.html,,
13,一橋大学,http://www.hit-u.ac.jp/,,
13,お茶の水女子大学,http://www.ocha.ac.jp/,,
13,東京外国語大学,http://www.tufs.ac.jp/,,
13,東京学芸大学,http://www.u-gakugei.ac.jp/,,
13,東京医科歯科大学,http://www.tmd.ac.jp/,,
13,電気通信大学,http://www.uec.ac.jp/,,
13,東京藝術大学,http://www.geidai.ac.jp/,,
13,東京農工大学,http://www.tuat.ac.jp/,,
13,東京海洋大学,http://www.kaiyodai.ac.jp/,,
13,国立看護大学校,http://www.ncn.ac.jp/,,
13,東京都立大学,http://www.tmu.ac.jp/,旧首都大学東京 2020年校名hennkou,
13,政策研究大学院大学,http://www.grips.ac.jp/,,
13,産業技術大学院大学,http://aiit.ac.jp/,,
13,国際仏教学大学院大学,http://www.icabs.ac.jp/,,
13,デジタルハリウッド大学,https://www.dhw.ac.jp/,,
13,映画専門大学院大学,http://www.toho-univ.ac.jp/,2013年閉校,FALSE
13,日本教育大学院大学,http://www.kyoiku-u.jp/,,
13,グロービス経営大学院,http://www.globis.co.jp/,,
13,文化ファッション大学院大学,http://bfgu-bunka.ac.jp/,,
13,日本伝統医療科学大学院大学,http://hikaku.myhitpage.com/,,
13,ビジネス・ブレークスルー大学,http://www.ohmae.ac.jp/,通信制,
13,ハリウッド大学院大学,http://www.hollywood.ac.jp/mba/mba1.html,,
13,国際医療大学院大学,http://www.iuhw.ac.jp/daigakuin/,,
13,大学院大学至善館,http://shizenkan.ac.jp/,NEW2018,
13,社会情報大学院大学,https://www.mics.ac.jp/,NEW2017,
13,早稲田大学,http://www.waseda.ac.jp/,,
13,慶應義塾大学,http://www.keio.ac.jp/,,
13,上智大学,http://www.sophia.ac.jp/,,
13,国際基督教大学,http://www.icu.ac.jp/,,
13,明治大学,http://www.meiji.ac.jp/,,
13,青山学院大学,http://www.aoyama.ac.jp/,,
13,立教大学,http://www.rikkyo.ac.jp/,,
13,中央大学,http://www.chuo-u.ac.jp/,,
13,法政大学,http://www.hosei.ac.jp/,,
13,学習院大学,http://www.gakushuin.ac.jp/,,
13,成城大学,http://www.seijo.ac.jp/,,
13,成蹊大学,http://www.seikei.ac.jp/,,
13,國學院大学,http://www.kokugakuin.ac.jp/,,
13,日本大学,http://www.nihon-u.ac.jp/,,
13,東洋大学,http://www.toyo.ac.jp/,,
13,駒澤大学,http://www.komazawa-u.ac.jp/,,
13,専修大学,http://www.senshu-u.ac.jp/,,
13,武蔵大学,http://www.musashi.ac.jp/,,
13,明治学院大学,http://www.meijigakuin.ac.jp/,,
13,二松学舎大学,http://www.nishogakusha-u.ac.jp/,,
13,大東文化大学,http://www.daito.ac.jp/,,
13,東海大学,http://www.u-tokai.ac.jp/,,
13,亜細亜大学,http://www.asia-u.ac.jp/,,
13,帝京大学,http://www.teikyo-u.ac.jp/,,
13,国士舘大学,http://www.kokushikan.ac.jp/,,
13,玉川大学,http://www.tamagawa.ac.jp/,,
13,明星大学,http://www.meisei-u.ac.jp/,,
13,拓殖大学,http://www.takushoku-u.ac.jp/,,
13,和光大学,http://www.wako.ac.jp/,,
13,武蔵野大学,http://www.musashino-u.ac.jp/,,
13,目白大学,http://www.mejiro.ac.jp/,,
13,杏林大学,http://www.kyorin-u.ac.jp/,,
13,桜美林大学,http://www.obirin.ac.jp/,,
13,昭和大学,http://www.showa-u.ac.jp/,,
13,多摩大学,http://www.tama.ac.jp/,,
13,東洋学園大学,http://www.toyogakuen-u.ac.jp/,,
13,立正大学,http://www.ris.ac.jp/,,
13,大正大学,http://www.tais.ac.jp/,,
13,創価大学,http://www.soka.ac.jp/,,
13,文京学院大学,http://www.u-bunkyo.ac.jp/,,
13,高千穂大学,http://www.takachiho.jp/,,
13,白梅学園大学,http://www.shiraume.ac.jp/,,
13,文化学園大学,http://www.bunka.ac.jp/,,
13,嘉悦大学,http://www.kaetsu.ac.jp/,,
13,ルーテル学院大学,http://www.luther.ac.jp/,,
13,こども教育宝仙大学,http://www.hosen.ac.jp/kodomo/,,
13,東京経済大学,http://www.tku.ac.jp/,,
13,東京理科大学,http://www.sut.ac.jp/,,
13,東京農業大学,http://www.nodai.ac.jp/,,
13,東京電機大学,http://www.dendai.ac.jp/,,
13,東京家政大学,http://www.tokyo-kasei.ac.jp/,,
13,東京家政学院大学,http://www.kasei-gakuin.ac.jp/,,
13,東京造形大学,http://www.zokei.ac.jp/,,
13,東京工科大学,http://www.teu.ac.jp/,,
13,東京聖栄大学,http://www.tsc-05.ac.jp/,,
13,東京富士大学,http://www.fuji.ac.jp/,,
13,東京神学大学,http://www.tuts.ac.jp/,,
13,東京工芸大学,http://www.t-kougei.ac.jp/,,
13,東京未来大学,http://www.tokyomirai.ac.jp/,,
13,東京都市大学,http://www.tcu.ac.jp/,,
13,東京通信大学,https://www.internet.ac.jp/,NEW2018,
13,日本文化大学,http://www.nihonbunka-u.ac.jp/,,
13,日本社会事業大学,http://www.jcsw.ac.jp/,,
13,日本獣医生命科学大学,http://www.nvlu.ac.jp/,,
13,日本体育大学,http://www.nittai.ac.jp/,,
13,日本経済大学渋谷校,http://shibuya.jue.ac.jp/,,
13,工学院大学,http://www.kogakuin.ac.jp/,,
13,芝浦工業大学,http://www.shibaura-it.ac.jp/,,
13,東京女子大学,http://www.twcu.ac.jp/,,
13,東京女子体育大学,http://www.twcpe.ac.jp/,,
13,日本女子大学,http://www.jwu.ac.jp/,,
13,日本女子体育大学,http://www.jwcpe.ac.jp/,,
13,津田塾大学,http://www.tsuda.ac.jp/,,
13,昭和女子大学,http://www.swu.ac.jp/,,
13,学習院女子大学,http://www.gakushuin.ac.jp/~gwc-www/,,
13,大妻女子大学,http://www.otsuma.ac.jp/,,
13,共立女子大学,http://www.kyoritsu-wu.ac.jp/,,
13,聖心女子大学,http://www.u-sacred-heart.ac.jp/,,
13,実践女子大学,http://www.jissen.ac.jp/,,
13,清泉女子大学,http://www.seisen-u.ac.jp/,,
13,東京純心大学,http://www.t-junshin.ac.jp/univ/,旧東京純心女子大学,
13,川村学園女子大学,http://www.kgwu.ac.jp/,,
13,駒沢女子大学,http://www.komajo.ac.jp/,,
13,白百合女子大学,http://www.shirayuri.ac.jp/,,
13,恵泉女学園大学,http://www.keisen.ac.jp/univ/index.htm,,
13,武蔵野美術大学,http://www.musabi.ac.jp/,,
13,多摩美術大学,http://www.tamabi.ac.jp/,,
13,武蔵野音楽大学,http://www.musashino-music.ac.jp/,,
13,国立音楽大学,http://www.kcm-sd.ac.jp/,,
13,上野学園大学,http://www.uenogakuen.ac.jp/,,
13,桐朋学園大学,http://www.tohomusic.ac.jp/,,
13,東京音楽大学,http://www.tokyo-ondai.ac.jp/,,
13,宝塚大学新宿キャンパス,http://www.takara-univ.ac.jp/tokyo/,,
13,杉野服飾大学,http://www.sugino.ac.jp/,,
13,ヤマザキ学園大学,http://univ.yamazaki.ac.jp/,,
13,順天堂大学,http://www.juntendo.ac.jp/,,
13,日本医科大学,http://www.nms.ac.jp/,,
13,東京医科大学,http://www.tokyo-med.ac.jp/,,
13,東京女子医科大学,http://www.twmu.ac.jp/,,
13,東京慈恵会医科大学,http://www.jikei.ac.jp/,,
13,北里大学,http://www.kitasato-u.ac.jp/,,
13,東邦大学,http://www.toho-u.ac.jp/,,
13,東京薬科大学,http://www.toyaku.ac.jp/,,
13,星薬科大学,http://www.hoshi.ac.jp/home/index.html,,
13,昭和薬科大学,http://www.shoyaku.ac.jp/,,
13,日本歯科大学,http://www.ndu.ac.jp/,,
13,東京医療学院大学,http://www.joyo.ac.jp/igakudai.html,,
13,明治薬科大学,http://www.my-pharm.ac.jp/,,
13,東京医療保健大学,http://thcu.ac.jp/,,
13,聖路加国際大学,http://www.slcn.ac.jp/,,
13,日本赤十字看護大学,http://www.redcross.ac.jp/,,
13,東京有明医療大学,http://www.tau.ac.jp/,,
13,LEC東京リーガルマインド大学,http://www.lec.ac.jp/,株式会社大学,FALSE
13,国際工科専門職大学,https://www.iput.ac.jp/,2020開校,
13,国際ファッション専門職大学,https://www.piif.ac.jp/,2019開校予定,
13,東京保健医療専門職大学,https://www.tpu.ac.jp/,2019開校,
13,情報経営イノベーション専門職大学,https://www.i-u.ac.jp/,2019開校,
14,横浜国立大学,http://www.ynu.ac.jp/,,
14,横浜市立大学,http://www.yokohama-cu.ac.jp/,,
14,総合研究大学院大学,http://www.soken.ac.jp/index.html,,
14,神奈川県立保健福祉大学,http://www.kuhs.ac.jp/,,
14,情報セキュリティ大学院大学,http://www.iisec.jp/,,
14,ＳＢＩ大学院大学,http://www.sbi-u.ac.jp/,,
14,東海大学,http://www.u-tokai.ac.jp/,,
14,神奈川大学,http://www.kanagawa-u.ac.jp/,,
14,関東学院大学,http://www.kanto-gakuin.ac.jp/,,
14,鶴見大学,http://www.tsurumi-u.ac.jp/,,
14,産業能率大学,http://www.sanno.ac.jp/,,
14,神奈川工科大学,http://www.kanagawa-it.ac.jp/,,
14,湘南工科大学,http://www.shonan-it.ac.jp/,,
14,桐蔭横浜大学,http://www.toin.ac.jp/,,
14,麻布大学,http://www.azabu-u.ac.jp/,,
14,横浜商科大学,http://www.shodai.ac.jp/,,
14,田園調布学園大学,http://www.dcu.ac.jp/,,
14,松蔭大学,http://www.shoin-u.ac.jp/,,
14,八洲学園大学,http://study.jp/univ/yashima/,,
14,鎌倉女子大学,http://www.kamakura-u.ac.jp/,,
14,相模女子大学,http://www.sagami-wu.ac.jp/,,
14,フェリス女学院大学,http://www.ferris.ac.jp/,,
14,東洋英和女学院大学,http://www.toyoeiwa.ac.jp/,,
14,女子美術大学,http://www.joshibi.ac.jp/,,
14,洗足学園音楽大学,http://www.senzoku.ac.jp/,,
14,昭和音楽大学,http://www.tosei-showa-music.ac.jp/,,
14,日本映画大学,http://www.eiga.ac.jp/index.php,,
14,聖マリアンナ医科大学,http://www.marianna-u.ac.jp/,,
14,神奈川歯科大学,http://www.kdcnet.ac.jp/,,
14,横浜薬科大学,http://hamayaku.jp/index.html,,
14,横浜美術大学,http://www.yokohama-art.ac.jp/daigaku/index.html,,
14,横浜創英大学,http://www.soei.ac.jp/univ/,,
14,湘南医療大学,http://sums.ac.jp/,,
14,湘南鎌倉医療大学,https://www.sku.ac.jp/overview/,2019開校,
19,山梨大学,http://www.yamanashi.ac.jp/,,
19,都留文科大学,http://www.tsuru.ac.jp/,,
19,山梨県立大学,http://yamanashi-ken.ac.jp/,,
19,山梨学院大学,http://www.ygu.ac.jp/,,
19,山梨英和大学,http://www.yamanashi-eiwa.ac.jp/,,
19,身延山大学,http://www.min.ac.jp/,,
19,健康科学大学,http://www.kenkoudai.ac.jp/,,
19,帝京科学大学,http://www.ntu.ac.jp/,,
22,静岡大学,http://www.shizuoka.ac.jp/,,
22,浜松医科大学,http://www.hama-med.ac.jp/,,
22,静岡県立大学,http://www.u-shizuoka-ken.ac.jp/,,
22,光産業創成大学院大学,http://www.gpi.ac.jp/,,
22,静岡産業大学,http://www.ssu.ac.jp/,,
22,静岡理工科大学,http://www.sist.ac.jp/,,
22,静岡文化芸術大学,http://www.suac.ac.jp/,,
22,静岡英和学院大学,http://www.shizuoka-eiwa.ac.jp/,,
22,常葉大学,http://www.tokoha.ac.jp/,旧常葉学園大学・富士常葉大学・浜松大学統合,
22,静岡福祉大学,http://www.suw.ac.jp/,,
22,浜松学院大学,http://www.hgu.ac.jp/,,
22,聖隷クリストファー大学,http://www.seirei.ac.jp/index2.html,,
22,静岡県立農林環境専門職大学,https://shizuoka-norin-u.ac.jp/,2019新設,
20,信州大学,http://www.shinshu-u.ac.jp/,,
20,長野県看護大学,http://www.nagano-nurs.ac.jp/index.html,,
20,長野県立大学,http://www.u-nagano.ac.jp/,NEW2018,
20,長野大学,http://www.nagano.ac.jp/,,
20,松本大学,http://www.matsu.ac.jp/index.html,,
20,公立諏訪東京理科大学,http://www.suwa.sut.ac.jp/,,
20,長野保健医療大学,http://shitoku.ac.jp/,,
20,清泉女学院大学,http://www.seisen-jc.ac.jp/,,
20,松本歯科大学,http://www.mdu.ac.jp/index_j.html,,
20,佐久大学,http://www.saku.ac.jp/,,
15,新潟大学,http://www.niigata-u.ac.jp/,,
15,長岡技術科学大学,http://www.nagaokaut.ac.jp/,,
15,上越教育大学,http://www.juen.ac.jp/index.html,,
15,事業創造大学院大学,http://www.jigyo.ac.jp/,,
15,国際大学,http://www.iuj.ac.jp/,,
15,新潟県立看護大学,http://www.niigata-cn.ac.jp/index.htm,,
15,新潟県立大学,http://www.unii.ac.jp/,,
15,三条市立大学,https://www.sanjo-u.ac.jp/,2021年開校,
15,新潟工科大学,http://www.niit.ac.jp/,,
15,新潟国際情報大学,http://www.nuis.ac.jp/,,
15,新潟経営大学,http://www.niigataum.ac.jp/,,
15,新潟産業大学,http://www.nsu.ac.jp/,,
15,新潟青陵大学,http://www.n-seiryo.ac.jp/,,
15,新潟医療福祉大学,http://www.nuhw.ac.jp/,,
15,新潟薬科大学,http://www.niigatayakudai.jp/,,
15,新潟リハビリテーション大学,http://nur.ac.jp/,,
15,敬和学園大学,http://www.keiwa-c.ac.jp/,,
15,長岡造形大学,http://www.nagaoka-id.ac.jp/,,
15,長岡大学,http://www.nagaokauniv.ac.jp/,,
15,新潟食料農業大学,https://nafu.ac.jp/,NEW2018,
15,長岡崇徳大学,https://sutoku-u.ac.jp/,2019開校,
15,開志専門職大学,https://kaishi-pu.ac.jp/,2020開校,
16,富山大学,http://www.u-toyama.ac.jp/,,
16,富山国際大学,http://www.tuins.ac.jp/,,
16,高岡法科大学,http://www.takaoka.ac.jp/,,
16,桐朋学園大学院大学,http://www.tohomusic.ac.jp/diploma/index.html,,
16,富山県立大学,http://www.pu-toyama.ac.jp/,,
17,金沢大学,http://www.kanazawa-u.ac.jp/,,
17,金沢美術工芸大学,http://www.kanazawa-bidai.ac.jp/,,
17,北陸先端科学技術大学院大学,http://www.jaist.ac.jp/index-jp.html,,
17,石川県立大学,http://www.pref.ishikawa.jp/ishikawa-pu/,,
17,石川県立看護大学,http://www.ishikawa-nu.ac.jp/,,
17,公立小松大学,http://www.komatsu-u.jp/,NEW2018,
17,金沢星稜大学,http://www.seiryo-u.ac.jp/index.html,,
17,金沢工業大学,http://www.kanazawa-it.ac.jp/,,
17,金沢学院大学,http://www.kanazawa-gu.ac.jp/,,
17,金沢医科大学,http://www.kanazawa-med.ac.jp/,,
17,北陸大学,http://www.hokuriku-u.ac.jp/,,
17,金城大学,http://www.kinjo.ac.jp/,,
17,北陸学院大学,http://www.hokurikugakuin.ac.jp/,,
18,福井大学,http://www.u-fukui.ac.jp/,,
18,福井県立大学,http://www.fpu.ac.jp/index-j.html,,
18,福井工業大学,http://www.fukui-ut.ac.jp/,,
18,仁愛大学,http://www.jindai.ac.jp/,,
18,敦賀市立看護大学,http://tsuruga-nu.ac.jp/,,
18,福井医療大学,http://www.f-gh.jp/fhsu/fhsu.html,NEW2017,
23,名古屋大学,http://www.nagoya-u.ac.jp/,,
23,愛知教育大学,http://www.aichi-edu.ac.jp/,,
23,豊橋技術科学大学,http://www.tut.ac.jp/,,
23,名古屋工業大学,http://www.nitech.ac.jp/,,
23,愛知県立大学,http://www.aichi-pu.ac.jp/,,
23,名古屋市立大学,http://www.nagoya-cu.ac.jp/,,
23,愛知県立芸術大学,http://www.aichi-fam-u.ac.jp/,,
23,名古屋外国語大学,http://www.nufs.ac.jp/index.html,,
23,南山大学,http://www.nanzan-u.ac.jp/,,
23,中京大学,http://www.chukyo-u.ac.jp/,,
23,日本福祉大学,http://www.n-fukushi.ac.jp/,,
23,愛知大学,http://www.aichi-u.ac.jp/,,
23,愛知学院大学,http://www.aichi-gakuin.ac.jp/,,
23,愛知淑徳大学,http://www.aasa.ac.jp/,,
23,愛知文教大学,http://www.abu.ac.jp/,,
23,愛知学泉大学,http://www.gakusen.ac.jp/,,
23,愛知産業大学,http://www.asu.ac.jp/,,
23,愛知みずほ大学,http://www.aichi-mizuho.ac.jp/amc/,,
23,愛知新城大谷大学,http://www.owari.ac.jp/shinshiro/,2010年募集停止,FALSE
23,愛知東邦大学,http://www.aichi-toho.ac.jp/,,
23,愛知工科大学,http://www.aut.ac.jp/,,
23,愛知工業大学,http://www.aitech.ac.jp/,,
23,大同大学,http://www.daido-it.ac.jp/,,
23,豊田工業大学,http://www.toyota-ti.ac.jp/,,
23,名古屋経済大学,http://www.nagoya-ku.ac.jp/,,
23,名古屋商科大学,http://www.nucba.ac.jp/,,
23,名古屋産業大学,http://www.nagoya-su.ac.jp/,,
23,名古屋女子大学,http://www.nagoya-wu.ac.jp/,,
23,名古屋学院大学,http://www.ngu.ac.jp/index.html,,
23,名古屋文理大学,http://www.nagoya-bunri.ac.jp/UNIV/index.htm,,
23,名古屋学芸大学,http://www.nuas.ac.jp/,,
23,名古屋柳城女子大学,https://www.ryujo-u.ac.jp/#1,2020開校,
23,名古屋音楽大学,http://www.doho.ac.jp/~meion/,,
23,名古屋芸術大学,http://www.nua.ac.jp/,,
23,名古屋造形大学,http://www.doho.ac.jp/~zokei/,,
23,豊橋創造大学,http://www.sozo.ac.jp/,,
23,名城大学,http://www.meijo-u.ac.jp/,,
23,中部大学,http://www.chubu.ac.jp/,,
23,東海学園大学,http://www.tokaigakuen-u.ac.jp/,,
23,同朋大学,http://www.doho.ac.jp/~univ/,,
23,人間環境大学,http://www.uhe.ac.jp/,,
23,星城大学,http://www.seijoh-u.ac.jp/,,
23,日本赤十字豊田看護大学,http://www.rctoyota.ac.jp/,,
23,岡崎女子大学,http://www.okazaki-u.ac.jp/,,
23,至学館大学,http://www.sgk.ac.jp/,共学化　旧中京女子大,
23,金城学院大学,http://www.kinjo-u.ac.jp/,,
23,椙山女学園大学,http://www.sugiyama-u.ac.jp/,,
23,桜花学園大学,http://www.ohkagakuen-u.ac.jp/,,
23,修文大学,http://www.shubun.jp/,,
23,一宮研伸大学,http://www.ikc.ac.jp/,NEW2017,
23,愛知医科大学,http://www.aichi-med-u.ac.jp/,,
23,藤田医科大学,http://www.fujita-hu.ac.jp/,2018年藤田保健衛生大から改称,
23,日本赤十字豊田看護大学,http://www.rctoyota.ac.jp/,,
21,岐阜大学,http://www.gifu-u.ac.jp/,,
21,情報科学芸術大学院大学,http://www.iamas.ac.jp/,,
21,岐阜県立看護大学,http://www.gifu-cn.ac.jp/,,
21,朝日大学,http://www.asahi-u.ac.jp/,,
21,中京学院大学,http://www.chukyogakuin-u.ac.jp/,,
21,中部学院大学,http://www.chubu-gu.ac.jp/,,
21,東海学院大学,http://www.tokaigakuin-u.ac.jp/,2007年東海女子大学 共学化 改称,
21,岐阜協立大学,https://www.gku.ac.jp/,旧岐阜経済大学,
21,岐阜聖徳学園大学,http://www.shotoku.ac.jp/,,
21,岐阜女子大学,http://www.gijodai.ac.jp/,,
21,岐阜薬科大学,http://www.gifu-pu.ac.jp/,,
21,岐阜医療科学大学,http://www.jinno.ac.jp/~gcmt/,,
21,岐阜保健大学,https://www.gifuhoken.ac.jp/,2019開校,
24,三重大学,http://www.mie-u.ac.jp/,,
24,三重県立看護大学,http://www.mcn.ac.jp/,,
24,鈴鹿大学,https://www.suzuka.ac.jp/,,
24,皇學館大学,http://www.kogakkan-u.ac.jp/,,
24,四日市大学,http://www.yokkaichi-u.ac.jp/,,
24,三重中京大学,http://www.mie-chukyo-u.ac.jp/,旧松坂大学。2010年募集停止・廃校予定,FALSE
24,四日市看護医療大学,http://www.akatsuki.ed.jp/kango/,,
25,滋賀大学,http://www.shiga-u.ac.jp/,,
25,滋賀医科大学,http://www.shiga-med.ac.jp/,,
25,滋賀県立大学,http://www.usp.ac.jp/,,
25,平安女学院大学,http://www.heian.ac.jp/univ/index.html,,
25,成安造形大学,http://www.seian.ac.jp/,,
25,長浜バイオ大学,http://www.nagahama-i-bio.ac.jp/,,
25,びわこ成蹊スポーツ大学,http://www.osaka-seikei.ac.jp/biwako-daigaku/index.html,,
25,聖泉大学,http://www.seisen.ac.jp/web/top.html,,
25,びわこ学院大学,http://www.newton.ac.jp/bgu/index.html,,
25,びわこリハビリテーション専門職大学,http://aino.ac.jp/professional/,2020開校,
29,奈良教育大学,http://www.nara-edu.ac.jp/,,
29,奈良女子大学,http://www.nara-wu.ac.jp/,,
29,奈良先端科学技術大学院大学,http://www.aist-nara.ac.jp/,,
29,奈良県立医科大学,http://www.naramed-u.ac.jp/,,
29,奈良県立大学,http://www.narapu.ac.jp/,,
29,天理大学,http://www.tenri-u.ac.jp/,,
29,奈良大学,http://www.nara-u.ac.jp/,,
29,帝塚山大学,http://www.tezukayama-u.ac.jp/,,
29,畿央大学,http://www.kio.ac.jp/,,
29,天理医療大学,http://www.tenriyorozu-u.ac.jp/,,
29,奈良学園大学,http://www.naragakuen-u.jp/,旧奈良産業大学,
30,和歌山大学,http://www.wakayama-u.ac.jp/,,
30,和歌山県立医科大学,http://www.wakayama-med.ac.jp/,,
30,高野山大学,http://www.koyasan-u.ac.jp/,,
26,京都大学,http://www.kyoto-u.ac.jp/,,
26,京都教育大学,http://www.kyokyo-u.ac.jp/,,
26,京都工芸繊維大学,http://www.kit.ac.jp/,,
26,京都府立大学,http://www.kpu.ac.jp/,,
26,京都市立芸術大学,http://www.kcua.ac.jp/indexj.html,,
26,京都府立医科大学,http://www.kpu-m.ac.jp/,,
26,福知山公立大学,http://www.fukuchiyama.ac.jp/,旧私立成美大学,
26,京都情報大学院大学,http://www.kcg.edu/,,
26,京都外国語大学,http://www.kufs.ac.jp/,,
26,立命館大学,http://www.ritsumei.jp/,,
26,同志社大学,http://www.doshisha.ac.jp/,,
26,同志社女子大学,http://www.dwc.doshisha.ac.jp/,,
26,京都精華大学,http://www.kyoto-seika.ac.jp/,,
26,京都産業大学,http://www.kyoto-su.ac.jp/index-j.html,,
26,京都橘大学,http://www.tachibana-u.ac.jp/,,
26,京都華頂大学,http://www.kacho-college.ac.jp/university/,,
26,龍谷大学,http://www.ryukoku.ac.jp/,,
26,大谷大学,http://www.otani.ac.jp/,,
26,佛教大学,http://www.bukkyo-u.ac.jp/,,
26,花園大学,http://www.hanazono.ac.jp/,,
26,種智院大学,http://www.shuchiin.ac.jp/,,
26,京都先端科学大学,https://www.kuas.ac.jp/,旧京都学園大学,
26,京都文教大学,http://www.kbu.ac.jp/,,
26,京都薬科大学,http://www.kyoto-phu.ac.jp/,,
26,京都女子大学,http://www.kyoto-wu.ac.jp/,,
26,京都光華女子大学,http://www.koka.ac.jp/,,
26,京都ノートルダム女子大学,http://www.notredame.ac.jp/,,
26,嵯峨美術大学,http://www.kyoto-saga.ac.jp/,,
26,京都造形芸術大学,http://www.kyoto-art.ac.jp/,,
26,京都美術工芸大学,http://www.kyobi.ac.jp/,,
26,京都医療科学大学,http://www.kyoto-msc.jp/index.php,,
26,明治国際医療大学,http://www.meiji-u.ac.jp/,,
26,京都看護大学,http://www.kyotokango.ac.jp/,,
27,大阪大学,http://www.osaka-u.ac.jp/,,
27,大阪教育大学,http://www.osaka-kyoiku.ac.jp/,,
27,大阪市立大学,http://www.osaka-cu.ac.jp/ja,統合予定（2022年現在移行中）,
27,大阪府立大学,http://www.osakafu-u.ac.jp/,統合予定（2022年現在移行中）,
27,大阪公立大学,https://www.omu.ac.jp/,大阪市立大と大阪府立大が統合し新設,
27,滋慶医療科学大学,http://www.ghsj.ac.jp/,2021年滋慶医療科学大学院大学から改称,
27,関西大学,http://www.kansai-u.ac.jp/,,
27,近畿大学,http://www.kindai.ac.jp/,,
27,関西外国語大学,http://www.kansaigaidai.ac.jp/,,
27,桃山学院大学,https://www.andrew.ac.jp/,,
27,桃山学院教育大学,https://www.andrew-edu.ac.jp/,,
27,摂南大学,http://www.setsunan.ac.jp/,,
27,阪南大学,http://www.hannan-u.ac.jp/,,
27,追手門学院大学,http://www.otemon.ac.jp/,,
27,四天王寺大学,http://www.shitennoji.ac.jp/ibu/index.html,,
27,太成学院大学,http://www.tgu.ac.jp/,,
27,プール学院大学,http://www.poole.ac.jp/,募集停止,FALSE
27,関西福祉科学大学,http://www.fuksi-kagk-u.ac.jp/,,
27,相愛大学,http://www.soai.ac.jp/,,
27,常磐会学園大学,http://www.sftokiwakai.ac.jp/,,
27,羽衣国際大学,http://www.hagoromo.ac.jp/huois.html,,
27,藍野大学,http://univ.aino.ac.jp/,,
27,大阪工業大学,http://www.oit.ac.jp/,,
27,大阪経済大学,http://www.osaka-ue.ac.jp/,,
27,大阪学院大学,http://www.osaka-gu.ac.jp/,,
27,大阪商業大学,http://www.daishodai.ac.jp/,,
27,大阪産業大学,http://www.osaka-sandai.ac.jp/,,
27,大阪国際大学,http://www.oiu.ac.jp/,,
27,大阪経済法科大学,http://www.keiho-u.ac.jp/,,
27,大阪電気通信大学,http://www.osakac.ac.jp/Welcome.html,,
27,大阪観光大学,http://www.tourism.ac.jp/,,
27,大阪人間科学大学,http://www.ohs.ac.jp/,,
27,大阪成蹊大学,http://www.osaka-seikei.ac.jp/index_fl.html,,
27,大阪女学院大学,http://www.wilmina.ac.jp/,,
27,大阪大谷大学,http://www.osaka-ohtani.ac.jp/,,
27,大阪物療大学,http://www.butsuryo.ac.jp/,,
27,大阪芸術大学,http://www.osaka-geidai.ac.jp/,,
27,大阪音楽大学,http://www.daion.ac.jp/,,
27,大阪体育大学,http://www.ouhs.ac.jp/,,
27,大阪青山大学,http://www1.osaka-aoyama.ac.jp/college/index.html,,
27,大阪樟蔭女子大学,http://www.osaka-shoin.ac.jp/,,
27,大阪総合保育大学,http://www.jonan.ac.jp/daigaku/,,
27,大阪河﨑リハビリテーション大学,http://www.kawasakigakuen.ac.jp/,,
27,関西医療大学,http://www.kansai.ac.jp/daigaku/index.html,,
27,東大阪大学,http://www.higashiosaka.ac.jp/,,
27,千里金蘭大学,http://www.kinran.ac.jp/,,
27,四條畷学園大学,http://www.shijonawate-gakuen.ac.jp/,,
27,梅花女子大学,http://www.baika.ac.jp/,,
27,帝塚山学院大学,http://www.tezuka-gu.ac.jp/,,
27,大和大学,http://www.yamato-u.ac.jp/,,
27,大阪信愛学院大学,https://www.osgu.ac.jp/,2022開校,
27,関西医科大学,http://www.kmu.ac.jp/indexja.shtml,,
27,大阪歯科大学,http://www.osaka-dent.ac.jp/,,
27,大阪医科薬科大学,https://www.ompu.ac.jp/,2022年大阪医科大と大阪薬科大が統合,
27,森ノ宮医療大学,http://www.morinomiya-u.ac.jp/,,
27,大阪保健医療大学,http://www.ohsu.ac.jp/index.html,,
27,大阪行岡医療大学,http://www.yukioka.ac.jp/scl/reha/index.html,,
28,神戸大学,http://www.kobe-u.ac.jp/index-j.html,,
28,兵庫教育大学,http://www.hyogo-u.ac.jp/,,
28,兵庫県立大学,http://www.u-hyogo.ac.jp/,,
28,神戸市外国語大学,http://www.kobe-cufs.ac.jp/,,
28,兵庫県立但馬技術大学校,http://www.tajima.ac.jp/,,
28,神戸市看護大学,http://www.kobe-ccn.ac.jp/,,
28,関西学院大学,http://www.kwansei.ac.jp/,,
28,甲南大学,http://www.konan-u.ac.jp/,,
28,姫路獨協大学,http://www.himeji-du.ac.jp/,,
28,芦屋大学,http://www.ashiya-u.ac.jp/,,
28,甲子園大学,http://www.koshien.ac.jp/,,
28,大手前大学,http://www.otemae.ac.jp/,,
28,宝塚大学,http://www.takara-univ.ac.jp/,,
28,神戸国際大学,https://www.kuins.ac.jp/,,
28,神戸学院大学,http://www.kobegakuin.ac.jp/,,
28,神戸芸術工科大学,http://www.kobe-du.ac.jp/,,
28,神戸女子大学,http://www.kwjc.kobe-wu.ac.jp/,,
28,神戸松蔭女子学院大学,http://www.shoin.ac.jp/,,
28,神戸親和女子大学,http://www.kobe-shinwa.ac.jp/,,
28,神戸海星女子学院大学,http://www.kaisei.ac.jp/,,
28,神戸女学院大学,http://www.kobe-c.ac.jp/,,
28,神戸ファッション造形大学,http://www.kobe-fashion.ac.jp/,2010年募集停止,FALSE
28,神戸薬科大学,http://www.kobepharma-u.ac.jp/,,
28,神戸情報大学院大学,http://www.kic.ac.jp/,,
28,甲南女子大学,http://www.konan-wu.ac.jp/,,
28,武庫川女子大学,http://www.mukogawa-u.ac.jp/,,
28,園田学園女子大学,http://www.sonoda-u.ac.jp/,,
28,聖トマス大学,http://www.st.thomas.ac.jp/,,
28,近大姫路大学,http://kindaikoutoku.ac.jp/,,
28,兵庫大学,http://www.hyogo-dai.ac.jp/,,
28,関西看護医療大学,http://www.kki.ac.jp/top.html,,
28,関西国際大学,http://www.kuins.ac.jp/,,
28,関西福祉大学,http://www.kusw.ac.jp/,,
28,流通科学大学,http://www.umds.ac.jp/,,
28,神戸医療未来大学,http://www.kinwu.ac.jp/,2022神戸医療福祉大から改称,
28,神戸常盤大学,http://www.kobe-tokiwa.ac.jp/univ/,,
28,宝塚医療大学,http://www.tumh.ac.jp/,,
28,兵庫医科大学,http://www.hyo-med.ac.jp/,,
28,神戸夙川学院大学,http://www.kobeshukugawa.ac.jp/px/,募集停止,FALSE
28,兵庫医療大学,http://www.hyo-med.ac.jp/new-u/,,
28,姫路大学,http://himeji.koutoku.ac.jp/,,
28,芸術文化観光専門職大学,https://www.at-hyogo.jp/,2021開校,
33,岡山大学,http://www.okayama-u.ac.jp/,,
33,岡山県立大学,http://www.oka-pu.ac.jp/,,
33,新見公立大学,http://www.niimi-c.ac.jp/index_d.html,,
33,岡山理科大学,http://www.ous.ac.jp/,,
33,岡山商科大学,http://www.osu.ac.jp/,,
33,岡山学院大学,http://www.owc.ac.jp/index.html,,
33,中国学園大学,http://www.cjc.ac.jp/,,
33,山陽学園大学,http://www.sguc.ac.jp/,,
33,くらしき作陽大学,http://www.ksu.ac.jp/,,
33,倉敷芸術科学大学,http://www.kusa.ac.jp/,,
33,吉備国際大学,http://kiui.jp/,,
33,就実大学,http://www.shujitsu.ac.jp/top.html,,
33,ノートルダム清心女子大学,http://www.ndsu.ac.jp/,,
33,美作大学,http://www.mimasaka.ac.jp/,,
33,川崎医科大学,http://www.kawasaki-m.ac.jp/med/,,
33,川崎医療福祉大学,https://w.kawasaki-m.ac.jp/,,
33,環太平洋大学,http://www.ipu-japan.ac.jp/,,
33,岡山医療専門職大学,http://opu.ac.jp/,2020開校,
34,広島大学,http://www.hiroshima-u.ac.jp/index-j.html,,
34,県立広島大学,http://www.hiroshima-pu.ac.jp/,,
34,広島市立大学,http://www.hiroshima-cu.ac.jp/,,
34,尾道市立大学,http://www.onomichi-u.ac.jp/,,
34,福山市立大学,http://www.city.fukuyama.hiroshima.jp/sec/top.php?hdnZoku=110010035,,
34,叡啓大学,https://www.pu-hiroshima.ac.jp/site/eikei-univ/,2021開校,
34,広島修道大学,http://www.shudo-u.ac.jp/,,
34,広島経済大学,http://www.hue.ac.jp/,,
34,広島工業大学,http://www.cc.it-hiroshima.ac.jp/,,
34,広島国際学院大学,http://www.hkg.ac.jp/,募集停止,FALSE
34,広島国際大学,http://www.hirokoku-u.ac.jp/,,
34,広島文教大学,http://www.h-bunkyo.ac.jp/koho/index.html,旧広島文教女子大学,
34,広島女学院大学,http://www.hju.ac.jp/,,
34,安田女子大学,http://www.yasuda-u.ac.jp/,,
34,エリザベト音楽大学,http://www.eum.ac.jp/,,
34,福山大学,http://www.fukuyama-u.ac.jp/,,
34,福山平成大学,http://www.heisei-u.ac.jp/,,
34,広島文化学園大学,http://www.hbg.ac.jp/,旧呉大学,
34,比治山大学,http://www.hijiyama-u.ac.jp/,,
34,日本赤十字広島看護大学,http://www.jrchcn.ac.jp/,,
34,広島都市学園大学,http://www.hcu.ac.jp/,,
31,鳥取大学,http://www.tottori-u.ac.jp/,,
31,公立鳥取環境大学,http://www.kankyo-u.ac.jp/,,
31,鳥取看護大学,http://www.tcn.ac.jp/,,
32,島根大学,http://www.shimane-u.ac.jp/,,
32,島根県立大学,http://www.u-shimane.ac.jp/,,
35,山口大学,http://www.yamaguchi-u.ac.jp/index_j.html,,
35,山口県立大学,http://www.yamaguchi-pu.ac.jp/,,
35,下関市立大学,http://www.shimonoseki-cu.ac.jp/,,
35,山陽小野田市立山口東京理科大学,http://www.socu.ac.jp/,旧山口東京理科大学,
35,東亜大学,http://www.toua-u.ac.jp/,,
35,徳山大学,http://www.tokuyama-u.ac.jp/,,
35,至誠館大学,http://www.shiseikan.ac.jp/,旧山口福祉文化大学　(旧萩国際大学),
35,梅光学院大学,http://www.baiko.ac.jp/,,
35,宇部フロンティア大学,http://www.frontier-u.jp/,,
35,山口学芸大学,http://www.y-gakugei.ac.jp/,,
36,徳島大学,http://www.tokushima-u.ac.jp/,,
36,鳴門教育大学,http://www.naruto-u.ac.jp/,,
36,徳島文理大学,http://www.bunri-u.ac.jp/,,
36,四国大学,http://www.shikoku-u.ac.jp/,,
37,香川大学,http://www.kagawa-u.ac.jp/,,
37,香川県立保健医療大学,http://www.pref.kagawa.jp/daigaku/,,
37,四国学院大学,http://www.sg-u.ac.jp/,,
37,高松大学,http://www.takamatsu-u.ac.jp/,,
38,愛媛大学,http://www.ehime-u.ac.jp/,,
38,愛媛県立医療技術大学,http://www.epu.ac.jp/,,
38,松山大学,http://www.matsuyama-u.ac.jp/,,
38,松山東雲女子大学,http://www.shinonome.ac.jp/,,
38,聖カタリナ大学,http://www.catherine.ac.jp/,,
39,高知大学,http://www.kochi-u.ac.jp/JA/,,
39,高知県立大学,http://www.u-kochi.ac.jp/,旧高知女子大学,
39,高知工科大学,http://www.kochi-tech.ac.jp/kut_J/index.html,,
39,高知学園大学,https://www.kochi-gc.ac.jp/exam/school.html,2020開校,
39,高知リハビリテーション専門職大学,http://www.kochi-reha.ac.jp/,2019開校,
40,九州大学,http://www.kyushu-u.ac.jp/,,
40,福岡教育大学,http://www.fukuoka-edu.ac.jp/,,
40,九州工業大学,http://www.kyutech.ac.jp/,,
40,福岡県立大学,http://www.fukuoka-pu.ac.jp/,,
40,福岡女子大学,http://www.fwu.ac.jp/,,
40,北九州市立大学,http://www.kitakyu-u.ac.jp/,,
40,九州歯科大学,http://www.kyu-dent.ac.jp/,,
40,福岡大学,http://www.fukuoka-u.ac.jp/,,
40,福岡工業大学,http://www.fit.ac.jp/,,
40,福岡女学院大学,http://www.fukujo.ac.jp/,,
40,九州産業大学,http://www.ip.kyusan-u.ac.jp/,,
40,九州国際大学,http://www.kiu.ac.jp/,,
40,九州情報大学,http://www.kiis.ac.jp/,,
40,九州共立大学,http://www.kyukyo-u.ac.jp/,,
40,九州栄養福祉大学,http://www.hcc.ac.jp/,,
40,東和大学,http://www.tohwa-u.ac.jp/,2009募集停止,FALSE
40,西南学院大学,http://www.seinan-gu.ac.jp/,,
40,中村学園大学,http://www.nakamura-u.ac.jp/,,
40,早稲田大学北九州,http://www.waseda.jp/ips/,,
40,日本経済大学,http://www.jue.ac.jp/,旧第一経済大学,
40,福岡医療福祉大学,http://www.dfu.ac.jp/,2011年募集停止,FALSE
40,第一薬科大学,http://www.daiichi-cps.ac.jp/,,
40,久留米大学,http://www.kurume-u.ac.jp/,,
40,久留米工業大学,http://www.kurume-it.ac.jp/,,
40,西日本工業大学,http://www.nishitech.ac.jp/,,
40,九州女子大学,http://www.kwuc.ac.jp/,,
40,西南女学院大学,http://www.seinan-jo.ac.jp/,,
40,筑紫女学園大学,http://www.chikushi.ac.jp/,,
40,聖マリア学院大学,http://www.st-mary.ac.jp/,,
40,産業医科大学,http://www.uoeh-u.ac.jp/index.html,,
40,福岡歯科大学,http://www.fdcnet.ac.jp/col/,,
40,日本赤十字九州国際看護大学,http://www.jrckicn.ac.jp/,,
40,福岡女学院看護大学,http://www2.fukujo.ac.jp/ns/,,
40,保健医療経営大学,http://www.healthcare-m.ac.jp/,募集停止,FALSE
40,純真学園大学,http://www.junshin-u.ac.jp/,,
40,福岡看護大学,https://www.fdcnet.ac.jp/ncol/index.php,NEW2017,
40,サイバー大学,http://www.cyber-u.ac.jp/,通信制,
41,佐賀大学,http://www.saga-u.ac.jp/,,
41,西九州大学,http://www.nisikyu-u.ac.jp/nisikyu/toppg.html,,
42,長崎大学,http://www.nagasaki-u.ac.jp/,,
42,長崎県立大学,http://sun.ac.jp/,,
42,長崎総合科学大学,http://www.nias.ac.jp/,,
42,長崎国際大学,http://www.niu.ac.jp/,,
42,長崎純心大学,http://www.n-junshin.ac.jp/,,
42,活水女子大学,http://www.kwassui.ac.jp/,,
42,長崎外国語大学,http://www.nagasaki-gaigo.ac.jp/,,
42,鎮西学院大学,http://www.wesleyan.ac.jp/,2021年長崎ウエスレヤン大学から改称,
43,熊本大学,http://www.kumamoto-u.ac.jp/,,
43,熊本県立大学,http://www.pu-kumamoto.ac.jp/,,
43,崇城大学,http://www.sojo-u.ac.jp/,,
43,熊本保健科学大学,http://www.kumamoto-hsu.ac.jp/,,
43,熊本学園大学,http://www.kumagaku.ac.jp/,,
43,九州東海大学,http://www.ktokai-u.ac.jp/,,
43,九州看護福祉大学,http://www.kyushu-ns.ac.jp/,,
43,九州ルーテル学院大学,http://www.klc.ac.jp/,,
43,平成音楽大学,http://www.heisei-music.ac.jp/,,
43,尚絅大学,http://www.shokei-gakuen.ac.jp/shokeicol/,,
44,大分大学,http://www.oita-u.ac.jp/,,
44,大分県立看護科学大学,http://www.oita-nhs.ac.jp/,,
44,立命館アジア太平洋大学,http://www.apu.ac.jp/index_j.html,,
44,別府大学,http://www.beppu-u.ac.jp/,,
44,日本文理大学,http://www.nbu.ac.jp/,,
45,宮崎大学,http://www.miyazaki-u.ac.jp/,,
45,宮崎公立大学,http://www.miyazaki-mu.ac.jp/,,
45,宮崎県立看護大学,http://www.mpu.ac.jp/,,
45,南九州大学,http://www.nankyudai.ac.jp/,,
45,宮崎国際大学,http://www.miyazaki-mic.ac.jp/,,
45,宮崎産業経営大学,http://www.miyasankei-u.ac.jp/,,
45,九州保健福祉大学,http://www.phoenix.ac.jp/,,
46,鹿児島大学,http://www.kagoshima-u.ac.jp/,,
46,鹿屋体育大学,http://www.nifs-k.ac.jp/,,
46,志學館大学,http://www.shigakukan.ac.jp/,,
46,鹿児島国際大学,http://www.iuk.ac.jp/,,
46,鹿児島純心女子大学,http://www.juntan.k-junshin.ac.jp/jundai/ja/index.htm,,
46,第一工科大学,http://www.daiichi-koudai.ac.jp/,,
47,琉球大学,http://www.u-ryukyu.ac.jp/,,
47,沖縄県立芸術大学,http://www.okigei.ac.jp/,,
47,沖縄県立看護大学,http://www.okinawa-nurs.ac.jp/,,
47,名桜大学,http://www.meio-u.ac.jp/,,
47,沖縄国際大学,http://www.okiu.ac.jp/,,
47,沖縄大学,http://www.okinawa-u.ac.jp/,,
47,沖縄キリスト教学院大学,http://www.ocjc.ac.jp/,,
8,アール医療専門職大学,https://a-ru.ac.jp/university/,,
13,ヤマザキ動物看護大学,http://univ.yamazaki.ac.jp/,,
26,京都芸術大学,https://www.kyoto-art.ac.jp/,,
35,周南公立大学,https://www.shunan-u.ac.jp/,2022開校,
2,青森県立保健大学,http://www.auhw.ac.jp/,,
14,川崎市立看護大学,https://www.kawasaki-cn.ac.jp/,2022年短大から大学へ,
8,筑波技術大学,https://www.tsukuba-tech.ac.jp/,,
40,福岡国際医療福祉大学,https://fiuhw.takagigakuen.ac.jp/,2019年開校,
1,北海道医療大学,https://www.hoku-iryo-u.ac.jp/,,
1,北洋大学,https://hokuyo.ac.jp/,,
40,令和健康科学大学,https://www.rhs-u.ac.jp/,2022年開校,
24,鈴鹿医療科学大学,https://www.suzuka-u.ac.jp,,
30,和歌山信愛大学,https://www.wsu.ac.jp/,,
40,福岡国際大学,https://www.fukuoka-int-u.ac.jp/,,